{
    "Mean Squared Error": 1297.197998046875,
    "loss": 1297.1979675292969
}