{
    "Mean Squared Error": 33.394927978515625,
    "loss": 33.39493024349213
}